{
  "generated_at": "2025-11-08T04:40:00.949336",
  "total_records": 682661,
  "fake_count": 413753,
  "real_count": 268908,
  "engagement_stats": {
    "fake": {
      "score": {
        "mean": 228.9670600575706,
        "std": 1622.5589149358916,
        "median": 13.0,
        "min": -950.0,
        "max": 93294.0,
        "q25": 4.0,
        "q75": 50.0
      },
      "num_comments": {
        "mean": 8.371784401796651,
        "std": 46.66091473676312,
        "median": 1.0,
        "min": 0.0,
        "max": 8832.0,
        "q25": 0.0,
        "q75": 5.0
      }
    },
    "real": {
      "score": {
        "mean": 661.8612201942672,
        "std": 4477.169363119047,
        "median": 15.0,
        "min": 1.0,
        "max": 137179.0,
        "q25": 7.0,
        "q75": 40.0
      },
      "num_comments": {
        "mean": 29.94531587011171,
        "std": 186.66993963604256,
        "median": 4.0,
        "min": 0.0,
        "max": 17355.0,
        "q25": 1.0,
        "q75": 8.0
      }
    }
  },
  "histograms": {
    "score": {
      "fake": {
        "counts": [
          398309,
          9316,
          2579,
          999,
          559,
          351,
          241,
          197,
          183,
          152,
          137,
          120,
          81,
          74,
          72,
          59,
          62,
          43,
          30,
          32,
          37,
          21,
          21,
          12,
          9,
          7,
          7,
          12,
          5,
          6,
          4,
          2,
          2,
          4,
          3,
          1,
          1,
          1,
          0,
          0,
          0,
          0,
          1,
          0,
          0,
          0,
          0,
          0,
          0,
          1
        ],
        "bin_edges": [
          -950.0,
          934.8800000000001,
          2819.76,
          4704.64,
          6589.52,
          8474.400000000001,
          10359.28,
          12244.16,
          14129.04,
          16013.920000000002,
          17898.800000000003,
          19783.68,
          21668.56,
          23553.440000000002,
          25438.32,
          27323.2,
          29208.08,
          31092.960000000003,
          32977.840000000004,
          34862.72,
          36747.600000000006,
          38632.48,
          40517.36,
          42402.240000000005,
          44287.12,
          46172.0,
          48056.880000000005,
          49941.76,
          51826.64,
          53711.520000000004,
          55596.4,
          57481.280000000006,
          59366.16,
          61251.04,
          63135.920000000006,
          65020.8,
          66905.68000000001,
          68790.56,
          70675.44,
          72560.32,
          74445.20000000001,
          76330.08,
          78214.96,
          80099.84000000001,
          81984.72,
          83869.6,
          85754.48000000001,
          87639.36,
          89524.24,
          91409.12000000001,
          93294.0
        ]
      },
      "real": {
        "counts": [
          260246,
          2081,
          1172,
          762,
          598,
          521,
          483,
          399,
          382,
          359,
          286,
          227,
          193,
          189,
          128,
          118,
          117,
          91,
          86,
          68,
          53,
          54,
          38,
          43,
          31,
          21,
          24,
          33,
          15,
          12,
          13,
          12,
          11,
          8,
          8,
          4,
          4,
          3,
          4,
          2,
          2,
          2,
          0,
          2,
          1,
          0,
          0,
          1,
          0,
          1
        ],
        "bin_edges": [
          1.0,
          2744.56,
          5488.12,
          8231.68,
          10975.24,
          13718.8,
          16462.36,
          19205.92,
          21949.48,
          24693.04,
          27436.6,
          30180.16,
          32923.72,
          35667.28,
          38410.84,
          41154.4,
          43897.96,
          46641.52,
          49385.08,
          52128.64,
          54872.2,
          57615.76,
          60359.32,
          63102.88,
          65846.44,
          68590.0,
          71333.56,
          74077.12,
          76820.68,
          79564.24,
          82307.8,
          85051.36,
          87794.92,
          90538.48,
          93282.04,
          96025.59999999999,
          98769.16,
          101512.72,
          104256.28,
          106999.84,
          109743.4,
          112486.95999999999,
          115230.52,
          117974.08,
          120717.64,
          123461.2,
          126204.76,
          128948.31999999999,
          131691.88,
          134435.44,
          137179.0
        ]
      }
    },
    "num_comments": {
      "fake": {
        "counts": [
          209478,
          771,
          191,
          66,
          44,
          20,
          11,
          9,
          5,
          4,
          3,
          1,
          1,
          1,
          0,
          0,
          1,
          1,
          2,
          0,
          0,
          3,
          0,
          0,
          0,
          0,
          0,
          0,
          0,
          1,
          0,
          0,
          0,
          0,
          0,
          0,
          0,
          0,
          0,
          0,
          0,
          0,
          0,
          0,
          0,
          0,
          0,
          0,
          0,
          1
        ],
        "bin_edges": [
          0.0,
          176.64,
          353.28,
          529.92,
          706.56,
          883.1999999999999,
          1059.84,
          1236.48,
          1413.12,
          1589.7599999999998,
          1766.3999999999999,
          1943.04,
          2119.68,
          2296.3199999999997,
          2472.96,
          2649.6,
          2826.24,
          3002.8799999999997,
          3179.5199999999995,
          3356.16,
          3532.7999999999997,
          3709.4399999999996,
          3886.08,
          4062.72,
          4239.36,
          4416.0,
          4592.639999999999,
          4769.28,
          4945.92,
          5122.5599999999995,
          5299.2,
          5475.839999999999,
          5652.48,
          5829.12,
          6005.759999999999,
          6182.4,
          6359.039999999999,
          6535.679999999999,
          6712.32,
          6888.959999999999,
          7065.599999999999,
          7242.24,
          7418.879999999999,
          7595.5199999999995,
          7772.16,
          7948.799999999999,
          8125.44,
          8302.08,
          8478.72,
          8655.359999999999,
          8832.0
        ]
      },
      "real": {
        "counts": [
          263678,
          2727,
          1070,
          551,
          278,
          180,
          110,
          84,
          52,
          35,
          38,
          21,
          16,
          16,
          13,
          12,
          3,
          4,
          4,
          5,
          3,
          3,
          0,
          1,
          1,
          0,
          0,
          1,
          0,
          0,
          0,
          1,
          0,
          0,
          0,
          0,
          0,
          0,
          0,
          0,
          0,
          0,
          0,
          0,
          0,
          0,
          0,
          0,
          0,
          1
        ],