{
  "metadata": {
    "analysis_timestamp": "2025-10-31T12:37:11.671192",
    "total_images_analyzed": 9837,
    "libraries_used": [
      "PIL",
      "CV2",
      "SCIPY"
    ],
    "analysis_version": "1.0"
  },
  "results": {
    "image_metadata": {
      "basic_properties": {
        "overall": {
          "width": {
            "mean": 579.7881467927214,
            "median": 320.0,
            "std": 582.5376647005983,
            "min": 0.0,
            "max": 6016.0,
            "q25": 320.0,
            "q75": 600.0
          },
          "height": {
            "mean": 507.4769746874047,
            "median": 390.0,
            "std": 487.55530358927314,
            "min": 0.0,
            "max": 8000.0,
            "q25": 214.0,
            "q75": 569.0
          },
          "aspect_ratio": {
            "mean": 1.2498681241792213,
            "median": 1.3333333333333333,
            "std": 0.4903707581356153,
            "min": 0.0,
            "max": 8.88888888888889,
            "q25": 0.75,
            "q75": 1.5763546798029557
          },
          "total_pixels": {
            "mean": 542089.3645420352,
            "median": 130880.0,
            "std": 1466244.071292227,
            "min": 0.0,
            "max": 48000000.0,
            "q25": 68160.0,
            "q75": 312960.0
          },
          "file_size_kb": {
            "mean": 110.21519369234142,
            "median": 25.9033203125,
            "std": 247.80673566740944,
            "min": 0.0,
            "max": 5504.1220703125,
            "q25": 16.23828125,
            "q75": 102.880859375
          },
          "megapixels": {
            "mean": 0.5420893645420352,
            "median": 0.13088,
            "std": 1.4662440712922271,
            "min": 0.0,
            "max": 48.0,
            "q25": 0.06816,
            "q75": 0.31296
          }
        },
        "format_distribution": {
          "JPEG": 9243,
          "PNG": 583,
          "unknown": 9,
          "GIF": 2
        },
        "mode_distribution": {
          "RGB": 9548,
          "P": 239,
          "RGBA": 28,
          "L": 13,
          "unknown": 9
        },
        "resolution_distribution": {
          "Low (<0.5MP)": 7745,
          "Medium (0.5-2MP)": 1452,
          "High (2-8MP)": 563,
          "Very High (>8MP)": 68
        }
      },
      "quality_metrics": {
        "overall": {
          "mean_brightness": {
            "mean": 112.99869318093926,
            "median": 111.16564372708213,
            "std": 39.48362936680537,
            "min": 0.0,
            "max": 255.0
          },
          "mean_contrast": {
            "mean": 59.16052029077745,
            "median": 59.48765067794087,
            "std": 14.9828055650896,
            "min": 0.0,
            "max": 121.14166875929375
          },
          "image_variance": {
            "mean": 3957.630096428962,
            "median": 3774.5555358766087,
            "std": 1958.6422520367362,
            "min": 0.0,
            "max": 15327.274057492235
          }
        },
        "contrast_distribution": {
          "Medium Contrast": 3254,
          "High Contrast": 3158,
          "Low Contrast": 3148
        },
        "brightness_distribution": {
          "Medium": 6672,
          "Dark": 2158,
          "Bright": 731
        }
      },
      "format_analysis": {
        "size_by_format": {
          "JPEG": {
            "count": 9243,
            "mean_size_kb": 110.42054312216001,
            "median_size_kb": 25.330078125,
            "std_size_kb": 248.7518612349534
          },
          "PNG": {
            "count": 583,
            "mean_size_kb": 104.48455925707547,
            "median_size_kb": 76.130859375,
            "std_size_kb": 221.05924705044734
          },
          "unknown": {
            "count": 9,
            "mean_size_kb": 0.0,
            "median_size_kb": 0.0,
            "std_size_kb": 0.0
          },
          "GIF": {
            "count": 2,
            "mean_size_kb": 1327.64111328125,
            "median_size_kb": 1327.64111328125,
            "std_size_kb": 777.993545466533
          }
        },
        "exif_analysis": {
          "images_with_exif": 17,
          "images_without_exif": 9820,
          "exif_percentage": 0.17281691572633934,
          "avg_tags_per_image": 18.58823529411765,
          "max_tags": 50,
          "min_tags": 1
        },
        "aspect_ratio_distribution": {
          "Portrait": 3050,
          "Standard (4:3)": 1576,
          "Widescreen (16:9)": 1389,
          "Classic (3:2)": 1381,
          "Square (1:1)": 1193,
          "Other Landscape": 1054,
          "Panoramic": 135,
          "Ultra-wide (21:9)": 50,
          "Unknown": 9
        }
      },
      "category_comparisons": {
        "statistical_comparisons": {
          "width": {
            "true_content": {
              "mean": 748.3875270968817,
              "median": 320.0,
              "std": 695.297476589557,
              "count": 5997
            },
            "false_content": {
              "mean": 316.48333333333335,
              "median": 320.0,
              "std": 25.292943403658363,
              "count": 3840
            },
            "difference": {
              "absolute": -431.9041937635484,
              "relative_percent": -57.71130305163901
            },
            "statistical_test": {
              "statistic": 16542760.0,
              "p_value": 0.0,
              "significant": true
            }
          },
          "height": {
            "true_content": {
              "mean": 641.1487410371852,
              "median": 427.0,
              "std": 577.1229688445474,
              "count": 5997
            },
            "false_content": {
              "mean": 298.7192708333333,
              "median": 240.0,
              "std": 131.63610217240608,
              "count": 3840
            },
            "difference": {
              "absolute": -342.4294702038519,
              "relative_percent": -53.40874094986201
            },
            "statistical_test": {
              "statistic": 16806325.5,
              "p_value": 0.0,
              "significant": true
            }
          },
          "aspect_ratio": {
            "true_content": {
              "mean": 1.2423708583246413,
              "median": 1.3333333333333333,
              "std": 0.45779376121979404,
              "count": 5997
            },
            "false_content": {
              "mean": 1.2615767448380537,
              "median": 1.3333333333333333,
              "std": 0.5371634978566749,
              "count": 3840
            },
            "difference": {
              "absolute": 0.019205886513412374,
              "relative_percent": 1.5459060702141585
            },
            "statistical_test": {
              "statistic": 11303066.0,
              "p_value": 0.1234258068928898,
              "significant": false
            }
          },
          "file_size_kb": {
            "true_content": {
              "mean": 165.90815085277015,
              "median": 52.1767578125,
              "std": 304.10848206525327,
              "count": 5997
            },
            "false_content": {
              "mean": 23.238458251953126,
              "median": 19.14794921875,
              "std": 21.884458865952748,
              "count": 3840
            },
            "difference": {
              "absolute": -142.66969260081703,
              "relative_percent": -85.99317867596793
            },
            "statistical_test": {
              "statistic": 17285348.5,
              "p_value": 0.0,
              "significant": true
            }
          },
          "megapixels": {
            "true_content": {
              "mean": 0.8282402659663166,
              "median": 0.15392,
              "std": 1.820919751980548,
              "count": 5997
            },
            "false_content": {
              "mean": 0.09520213645833334,