{
  "kmeans_analysis": {
    "optimal_k": 6,
    "silhouette_scores": [
      -0.10098616025365306,
      -0.007499331048176443,
      -0.02288915766306748,
      0.021729221318104338,
      -0.042820318630007265,
      -0.25284688790756776,
      -0.2434390564077229,
      -0.1458106743250843,
      -0.21318371391282326,
      -0.07824852103213849,
      -0.2307467253454946,
      -0.2322847542304628,
      -0.09372245467779766
    ],
    "cluster_characteristics": {
      "0": {
        "size": 89840,
        "fake_count": 52555,
        "real_count": 37285,
        "fake_rate": 0.5849844167408726,
        "real_rate": 0.41501558325912735,
        "avg_text_length": 49.58276936776492,
        "authenticity_enrichment": -0.021320583259127335,
        "chi2_statistic": 171.0869393184135,
        "p_value": 0.0,
        "significant_authenticity_bias": true
      },
      "1": {
        "size": 107961,
        "fake_count": 68017,
        "real_count": 39944,
        "fake_rate": 0.630014542288419,
        "real_rate": 0.369985457711581,
        "avg_text_length": 43.60530191458027,
        "authenticity_enrichment": 0.02370954228841904,
        "chi2_statistic": 254.25071898016523,
        "p_value": 0.0,
        "significant_authenticity_bias": true
      },
      "2": {
        "size": 337,
        "fake_count": 127,
        "real_count": 210,
        "fake_rate": 0.3768545994065282,
        "real_rate": 0.6231454005934718,
        "avg_text_length": 54.25222551928783,
        "authenticity_enrichment": -0.22945040059347177,
        "chi2_statistic": 74.3286923561694,
        "p_value": 0.0,
        "significant_authenticity_bias": true
      },
      "3": {
        "size": 1105,
        "fake_count": 315,
        "real_count": 790,
        "fake_rate": 0.2850678733031674,
        "real_rate": 0.7149321266968326,
        "avg_text_length": 41.452488687782804,
        "authenticity_enrichment": -0.3212371266968326,
        "chi2_statistic": 477.70819819580515,
        "p_value": 0.0,
        "significant_authenticity_bias": true
      },
      "4": {
        "size": 281,
        "fake_count": 160,
        "real_count": 121,
        "fake_rate": 0.5693950177935944,
        "real_rate": 0.43060498220640564,
        "avg_text_length": 43.00711743772242,
        "authenticity_enrichment": -0.03690998220640562,
        "chi2_statistic": 1.6037731658205971,
        "p_value": 0.20536931672748526,
        "significant_authenticity_bias": false
      },
      "5": {
        "size": 476,
        "fake_count": 87,
        "real_count": 389,
        "fake_rate": 0.18277310924369747,
        "real_rate": 0.8172268907563025,
        "avg_text_length": 55.615546218487395,
        "authenticity_enrichment": -0.4235318907563025,
        "chi2_statistic": 357.7075756466227,
        "p_value": 0.0,
        "significant_authenticity_bias": true
      }
    }
  },
  "hierarchical_analysis": {
    "n_clusters": 8,
    "cluster_characteristics": {
      "0": {
        "size": 196650,
        "fake_count": 119169,
        "real_count": 77481,
        "fake_rate": 0.6059954233409611,
        "real_rate": 0.3940045766590389,
        "avg_text_length": 46.06798372743453,
        "authenticity_enrichment": -0.0003095766590388571,
        "chi2_statistic": 0.07895494217920743,
        "p_value": 0.7787186674989776,
        "significant_authenticity_bias": false
      },
      "1": {
        "size": 413,
        "fake_count": 281,
        "real_count": 132,
        "fake_rate": 0.6803874092009685,
        "real_rate": 0.3196125907990315,
        "avg_text_length": 95.92978208232445,
        "authenticity_enrichment": 0.07408240920096854,
        "chi2_statistic": 9.495748367545328,
        "p_value": 0.002059485650682369,
        "significant_authenticity_bias": true
      },
      "2": {
        "size": 463,
        "fake_count": 118,
        "real_count": 345,
        "fake_rate": 0.2548596112311015,
        "real_rate": 0.7451403887688985,
        "avg_text_length": 49.27645788336933,
        "authenticity_enrichment": -0.35144538876889847,
        "chi2_statistic": 239.5772860642263,
        "p_value": 0.0,
        "significant_authenticity_bias": true
      },
      "3": {
        "size": 411,
        "fake_count": 147,
        "real_count": 264,
        "fake_rate": 0.35766423357664234,
        "real_rate": 0.6423357664233577,
        "avg_text_length": 65.23844282238443,
        "authenticity_enrichment": -0.24864076642335764,
        "chi2_statistic": 106.4474947074408,
        "p_value": 0.0,
        "significant_authenticity_bias": true
      },
      "4": {
        "size": 545,
        "fake_count": 543,
        "real_count": 2,
        "fake_rate": 0.9963302752293578,
        "real_rate": 0.003669724770642202,
        "avg_text_length": 30.563302752293577,
        "authenticity_enrichment": 0.3900252752293578,
        "chi2_statistic": 347.3209316695051,
        "p_value": 0.0,
        "significant_authenticity_bias": true
      },
      "5": {
        "size": 360,
        "fake_count": 359,
        "real_count": 1,
        "fake_rate": 0.9972222222222222,
        "real_rate": 0.002777777777777768,
        "avg_text_length": 27.416666666666668,
        "authenticity_enrichment": 0.39091722222222225,
        "chi2_statistic": 230.473533385464,
        "p_value": 0.0,
        "significant_authenticity_bias": true
      },
      "6": {
        "size": 811,
        "fake_count": 535,
        "real_count": 276,
        "fake_rate": 0.6596794081381011,
        "real_rate": 0.3403205918618989,
        "avg_text_length": 75.93094944512947,
        "authenticity_enrichment": 0.053374408138101126,
        "chi2_statistic": 9.67912168319942,
        "p_value": 0.0018637370226968208,
        "significant_authenticity_bias": true
      },
      "7": {
        "size": 347,
        "fake_count": 109,
        "real_count": 238,
        "fake_rate": 0.31412103746397696,
        "real_rate": 0.6858789625360231,
        "avg_text_length": 81.29971181556196,
        "authenticity_enrichment": -0.292183962536023,
        "chi2_statistic": 124.10554184258118,
        "p_value": 0.0,
        "significant_authenticity_bias": true
      }
    }
  },
  "topic_analysis": {
    "n_topics": 10,
    "topics_info": [
      {
        "topic_id": 0,
        "words": [
          "this",
          "that",
          "like",
          "has",
          "looks",
          "out",
          "found",
          "these",
          "cutouts",
          "had"
        ],
        "weights": [
          0.1683766394853592,
          0.039644330739974976,
          0.03838229551911354,
          0.03226308524608612,
          0.024334266781806946,
          0.024088677018880844,
          0.022166378796100616,
          0.016113964840769768,
          0.015180897898972034,
          0.012773789465427399
        ],
        "fake_prevalence": 0.15737028419971466,
        "real_prevalence": 0.1679687201976776,
        "authenticity_difference": -0.010598435997962952
      },
      {
        "topic_id": 1,
        "words": [
          "psbattle:",
          "his",
          "man",
          "dog",
          "cat",
          "little",
          "guy",
          "old",
          "two",
          "being"
        ],
        "weights": [
          0.12241184711456299,
          0.05614767223596573,
          0.03728771582245827,
          0.027188558131456375,
          0.02309616282582283,
          0.02210724726319313,
          0.019352899864315987,
          0.01722349412739277,
          0.0172105822712183,
          0.013659452088177204
        ],
        "fake_prevalence": 0.11237532645463943,
        "real_prevalence": 0.13290947675704956,
        "authenticity_difference": -0.020534150302410126
      },
      {
        "topic_id": 2,