{
  "overall_comparisons": {
    "text_length": {
      "fake_mean": 38.95441241513657,
      "real_mean": 57.386831183899325,
      "fake_std": 35.75812700271689,
      "real_std": 31.981511447674738,
      "t_statistic": -216.82203260727505,
      "p_value": 0.0,
      "effect_size": -0.5370732456700973,
      "significant": "True"
    },
    "word_count": {
      "fake_mean": 6.776052379076406,
      "real_mean": 9.824657503681557,
      "fake_std": 6.165060153671773,
      "real_std": 5.623158460283953,
      "t_statistic": -206.58939920384614,
      "p_value": 0.0,
      "effect_size": -0.511726773415195,
      "significant": "True"
    },
    "avg_word_length": {
      "fake_mean": 5.345527320461201,
      "real_mean": 5.111512568664652,
      "fake_std": 2.7411489706586063,
      "real_std": 1.076424331271754,
      "t_statistic": 42.20580167667058,
      "p_value": 0.0,
      "effect_size": 0.10454475783674272,
      "significant": "True"
    },
    "sentence_count": {
      "fake_mean": 1.107581093067603,
      "real_mean": 1.0639549585731922,
      "fake_std": 0.39440509876597,
      "real_std": 0.28792174318189595,
      "t_statistic": 49.43398258472222,
      "p_value": 0.0,
      "effect_size": 0.12244913099428717,
      "significant": "True"
    },
    "avg_sentence_length": {
      "fake_mean": 6.13077907317128,
      "real_mean": 9.283790653476938,
      "fake_std": 5.086659332388779,
      "real_std": 4.751542969522432,
      "t_statistic": -256.7705166910417,
      "p_value": 0.0,
      "effect_size": -0.6360265750364456,
      "significant": "True"
    },
    "flesch_reading_ease": {
      "fake_mean": 64.3869419420097,
      "real_mean": 62.68627507552141,
      "fake_std": 52.85695088186401,
      "real_std": 28.962108469993865,
      "t_statistic": 15.262012391393966,
      "p_value": 1.3973009635792792e-52,
      "effect_size": 0.0378043616321498,
      "significant": "True"
    },
    "flesch_kincaid_grade": {
      "fake_mean": 5.8092805509347905,
      "real_mean": 6.807079816474602,
      "fake_std": 7.390394766713974,
      "real_std": 4.120331794828256,
      "t_statistic": -63.8589420995611,
      "p_value": 0.0,
      "effect_size": -0.15818009307472625,
      "significant": "True"
    },
    "sentiment_compound": {
      "fake_mean": 0.007996254528668069,
      "real_mean": 0.010879960432564298,
      "fake_std": 0.30922047308505546,
      "real_std": 0.31661380261328836,
      "t_statistic": -3.7295152155860203,
      "p_value": 0.0001918640255116073,
      "effect_size": -0.009238096412640994,
      "significant": "True"
    },
    "sentiment_positive": {
      "fake_mean": 0.09043191469306566,
      "real_mean": 0.07604580005057493,
      "fake_std": 0.19150212444453102,
      "real_std": 0.13878435622067573,
      "t_statistic": 33.63575120045448,
      "p_value": 8.052805621942322e-248,
      "effect_size": 0.08331654237602523,
      "significant": "True"
    },
    "sentiment_negative": {
      "fake_mean": 0.08094244633875763,
      "real_mean": 0.06876128638790961,
      "fake_std": 0.17990351825738332,
      "real_std": 0.13527747343107593,
      "t_statistic": 30.025500448109767,
      "p_value": 6.1448052539389854e-198,
      "effect_size": 0.07437386682811774,
      "significant": "True"
    },
    "sentiment_neutral": {
      "fake_mean": 0.8282873235964455,
      "real_mean": 0.855189254317462,
      "fake_std": 0.24563393583323306,
      "real_std": 0.18257170640245354,
      "t_statistic": -48.71688080490363,
      "p_value": 0.0,
      "effect_size": -0.12067285311453607,
      "significant": "True"
    },
    "polarity": {
      "fake_mean": 0.034926698880320815,
      "real_mean": 0.028301783763504767,
      "fake_std": 0.251834809599138,
      "real_std": 0.21761281287631876,
      "t_statistic": 11.193373508737059,
      "p_value": 4.4196505352827215e-29,
      "effect_size": 0.027726247964956065,
      "significant": "True"
    },
    "subjectivity": {
      "fake_mean": 0.2266827226036791,
      "real_mean": 0.21226341680709818,
      "fake_std": 0.32548103728060584,
      "real_std": 0.30569332441419517,
      "t_statistic": 18.315320911200473,
      "p_value": 6.510032793614262e-75,
      "effect_size": 0.045367478244633844,
      "significant": "True"
    },
    "exclamation_count": {
      "fake_mean": 0.12097555788115132,
      "real_mean": 0.021817870795959957,
      "fake_std": 0.45595959334283825,
      "real_std": 0.17782175681277765,
      "t_statistic": 107.5802293646968,
      "p_value": 0.0,
      "effect_size": 0.2664787441573527,
      "significant": "True"
    },
    "question_count": {
      "fake_mean": 0.05299538613617303,
      "real_mean": 0.01393785235098993,
      "fake_std": 0.2484652428694427,
      "real_std": 0.12912792442920562,
      "t_statistic": 75.18350923012112,
      "p_value": 0.0,
      "effect_size": 0.18623131070921445,
      "significant": "True"
    },
    "uppercase_ratio": {
      "fake_mean": 0.0975154482280132,
      "real_mean": 0.06511853090622831,
      "fake_std": 0.12557598087832544,
      "real_std": 0.05489598156483727,
      "t_statistic": 126.1759566749336,
      "p_value": 0.0,
      "effect_size": 0.3125407956103738,
      "significant": "True"
    },
    "digit_ratio": {
      "fake_mean": 0.013778046904501198,
      "real_mean": 0.005535009605596472,
      "fake_std": 0.03764985156403553,
      "real_std": 0.02016787222738685,
      "t_statistic": 104.23023078126272,
      "p_value": 0.0,
      "effect_size": 0.2581807193184562,
      "significant": "True"
    },
    "punctuation_ratio": {
      "fake_mean": 0.043384018737635324,
      "real_mean": 0.02400428103156358,
      "fake_std": 0.062465235682073246,
      "real_std": 0.025724343600900732,
      "t_statistic": 152.68840968796314,
      "p_value": 0.0,
      "effect_size": 0.3782127617807803,
      "significant": "True"
    },
    "unique_word_ratio": {
      "fake_mean": 0.988076205407304,
      "real_mean": 0.9848330888807524,
      "fake_std": 0.04504984369376525,
      "real_std": 0.04025661808609007,
      "t_statistic": 30.289708462737195,
      "p_value": 2.132623203878533e-201,
      "effect_size": 0.07502831625948626,
      "significant": "True"
    },
    "stopword_ratio": {
      "fake_mean": 0.266917950492922,
      "real_mean": 0.29669235968828683,
      "fake_std": 0.21759616307581833,
      "real_std": 0.15711565395722998,
      "t_statistic": -61.323770835189,
      "p_value": 0.0,
      "effect_size": -0.15190041456183234,
      "significant": "True"
    },
    "clickbait_word_count": {
      "fake_mean": 0.008405981346358818,
      "real_mean": 0.006875957576568938,
      "fake_std": 0.09287286890790568,
      "real_std": 0.0833528909356678,
      "t_statistic": 6.921310032705088,
      "p_value": 4.478777078591814e-12,
      "effect_size": 0.017144246822401586,
      "significant": "True"
    },
    "emotional_word_count": {
      "fake_mean": 0.0030187092299028646,
      "real_mean": 0.002075059128028917,
      "fake_std": 0.05516738704023901,
      "real_std": 0.04558726218853462,
      "t_statistic": 7.382055141984873,
      "p_value": 1.560403787914296e-13,
      "effect_size": 0.018285523233714112,
      "significant": "True"
    }
  },
  "significant_features": {
    "text_length": {
      "fake_mean": 38.95441241513657,
      "real_mean": 57.386831183899325,
      "fake_std": 35.75812700271689,
      "real_std": 31.981511447674738,
      "t_statistic": -216.82203260727505,
      "p_value": 0.0,
      "effect_size": -0.5370732456700973,
      "significant": "True"
    },
    "word_count": {
      "fake_mean": 6.776052379076406,
      "real_mean": 9.824657503681557,
      "fake_std": 6.165060153671773,
      "real_std": 5.623158460283953,
      "t_statistic": -206.58939920384614,
      "p_value": 0.0,
      "effect_size": -0.511726773415195,
      "significant": "True"
    },
    "avg_sentence_length": {
      "fake_mean": 6.13077907317128,